time,flow,occupancy,speed
9.57155,0,nan,nan
19.5716,0,nan,nan
29.5716,0,nan,nan
39.5716,0,nan,nan
49.5716,0,nan,nan
59.5716,0,nan,nan
69.5716,0,nan,nan
79.5716,0,nan,nan
89.5716,0,nan,nan
99.5716,0,nan,nan
109.572,0,nan,nan
119.572,0,nan,nan
129.572,138,1.88553,33.9427
139.572,206,2.02786,31.5603
149.572,240,1.98721,32.2059
159.572,338,2.07956,30.7758
169.572,424,2.16931,29.5025
179.572,400,2.27966,28.0744
189.572,550,2.24672,28.486
199.572,559,2.31345,27.6643
209.572,635,2.16325,29.5852
219.572,606,2.25385,28.3959
229.572,580,2.54738,25.1239
239.572,661,2.46555,25.9577
249.572,778,2.41962,26.4505
259.572,873,2.30423,27.775
269.572,841,2.31483,27.6478
279.572,875,2.26668,28.2352
289.572,944,2.10411,30.4166
299.572,937,2.29144,27.93
