time,flow,occupancy,speed
1.40351,0,nan,nan
11.4035,0,nan,nan
21.4035,0,nan,nan
31.4035,0,nan,nan
41.4035,0,nan,nan
51.4035,0,nan,nan
61.4035,0,nan,nan
71.4035,0,nan,nan
81.4035,0,nan,nan
91.4035,0,nan,nan
101.404,0,nan,nan
111.404,161,1.79562,35.6423
121.404,148,1.99634,32.0586
131.404,273,2.03669,31.4235
141.404,254,1.9674,32.5303
151.404,475,2.1865,29.2705
161.404,446,2.11416,30.2721
171.404,441,2.32878,27.4822
181.404,416,2.47509,25.8577
191.404,394,nan,nan
201.404,411,2.98344,21.4518
211.404,596,2.81414,22.7423
221.404,666,2.72856,23.4556
231.404,715,2.42972,26.3405
241.404,685,2.37935,26.8981
251.404,658,nan,nan
261.404,688,2.86418,22.3449
271.404,835,2.82918,22.6214
281.404,895,2.81359,22.7468
291.404,901,2.42558,26.3854
